8434;゛乙女の祈り゛;江戸我 美保;edger_;https://mega.nz/#!gMNVGYqQ!yHdVwcy5_fXqYQcm9Z7VKT-5Z_pWYI8wXfgO0dSCs_Y;85KB;2019-08-04
8460;- 神戸のアイヌ語地名 -: 神戸から縄文語 - 縄文地名を届ける（電子書籍版）;永田 良茂;22世紀アート;https://mega.nz/#!wVNTxCgT!PdIeX3pRxQIqAncJL9l3HU2FGj_RQqnJ6dKWSbLaTeQ;53.8MB;2018-08-27
8432;#10 刑事ミチルと静寂の巨象 竹田行人脚本集;竹田行人;;https://mega.nz/#!xRch0QyI!jiak0mJDJdoQFo8xNVP_Hl0l7__tCANy2R4FTuH86VE;169KB;2019-03-05
8431;#11 八人の覚束ない大人 竹田行人脚本集;竹田行人;;https://mega.nz/#!wNczVAgT!S0oBGPct6GL4YlJBlO4BuetVikV-MbQNm1j4UI-YatI;325KB;2019-04-11
8430;#12 刑事ミチルと記憶の門番 竹田行人脚本集;竹田行人;;https://mega.nz/#!ZZcBVaYR!YK1aKAZ0WCfd8m6cjY2avVqgw8qAtZ0fS_x8ATmTAzE;171KB;2019-05-16
8429;#14 刑事ミチルと窓際の悪魔 事件編 竹田行人脚本集;竹田行人;;https://mega.nz/#!kdFFCKAQ!UGKq4rJ3yMKh9msk_cKEzePWIJXNdMFAXKwQu_Ez7hE;172KB;2019-07-02
8433;#8 刑事ミチルと銀紙の騎士 竹田行人脚本集;竹田行人;;https://mega.nz/#!VQNzVIZb!VbEOKUvmST31q0lBiEMR0R4dU9RkOXJeS3R16xc6wv4.html;164KB;2018-12-16
8426;＃光文社新書この一冊～1000点突破記念～;光文社新書編集部;光文社;https://mega.nz/#!RINRhQCL!1TSIJVdKBSdE-CHxddCwJplf7THXzermP4e2f88Pnvs;808KB;0101-01-01
8427;#君主論;はじめての三国志 & kawauso;桃園出版 三国舎;https://mega.nz/#!dYVDUKYB!FHPW6xmeN8OnVd2jwPhMlahmy8Pd5_Vlyrh__OGBkug;3.6MB;2017-07-24
8428;＃電書ハック;柳井 政和;文春e-Books;https://mega.nz/#!1dMh1KzK!fpEOKXp8Gy1-rfFZB7r3VxWPOK6nC9RoOKchrD9tfMI;432KB;2018-12-03
29955;& Premium特別編集　暮らすように街を歩く、京都ガイド。;マガジンハウス;マガジンハウス;https://mega.nz/#!IIMHCaaD!yZYroSaRvmeAoDW32H2xN6_DZTvkWTkpXVWzoB1PVDA;112.5MB;2019-06-07
29952;（２つの習慣で）英語、英会話のリスニング力が上がる方法;ヤガワアツシ;self-publish;https://mega.nz/#!cBMllI6T!t3Phc6sEYMpJd7iZlKd0U55jjXV_5dT5xNNt5lab-Tc;156KB;2015-10-05
29953;(SFシリーズ2短編集)「シュレディンガーの黒い猫」 文曲シリーズ2;chiffon mireira;sugisaki planning;https://mega.nz/#!gVVDwaDT!Vg-wLg9ZnokpI6Pyy1F-o6Dzy8jSxxbsbKClQ4r_Hcw;269KB;2017-06-23
29950;（あなたが生れたその日に）;中原 中也;青空文庫;https://mega.nz/#!FZUTlSKD!PFaQv8C5TtKw3FwnpqaeOI9stIJ5pu-IDbJR1e8xeCA;17KB;2017-12-05
29949;（あるいは）SFのある風景 NOVELiDOL;文野はじめ;;https://mega.nz/#!cEcjjK6Q!G9-CPvMpoSQXmVDfCYOLPFbYMQb_mV-2SpjJKnLmj60.html;350KB;2015-07-30
29951;（ちょこっと）盗み見教案　きいろいぴよ（教案２枚・横向き）: ～日本語を教える人のための教案。レストランでごはんをたべます。～;きいろいぴよ;日本語教師、教案;https://mega.nz/#!wEVRiIqD!gka8OQ9PulNKIoK2O6h-oN7PV-eJBNBybtPU5TS3c68.html;1.2MB;2018-05-02
29948;（ポオル・モオランの「タンドル・ストック」）;堀 辰雄;青空文庫;https://mega.nz/#!dVMlDaZb!4SVYD8t5IoQFdPaiPUZylo-un3oD3ypowrK6prGFPe8.html;143KB;2013-10-22
29947;（七銭でバットを買つて）;中原 中也;;https://mega.nz/#!kNNnQYBI!v3f97Z2Y82tIFhQ0ZR30ZS40hP-3-imQmPQn2E1lEXw;138KB;2013-10-21
29946;（上等兵安藤孝雄を憶ふ）;森川 義信;青空文庫;https://mega.nz/#!EEcHAIgA!KM8FCLTZvEqZa1VtvhKJM5y2VKmzyxZ01JtInLvKv0k;18KB;2017-11-10
29944;(元)神様女と宇宙少女<電波女と青春男>;入間 人間;電撃文庫;https://mega.nz/#!JMETgSrK!9Rl_OR0sCPTnYXATumsp4infUlDXLReUQ-pTUZa8aA4.html;258KB;2012-02-10
29954;（合本版）旅人、《愚者》: タロット　78枚の物語;丸木戸サキ;魔女のアルカナ文庫;https://mega.nz/#!RRUnkCSB!UPVm9aEr3SEACeo-p7hn2HZSM0M4O7h7hZujOdDMrPs;6.1MB;2015-08-06
29943;（女）;中原 中也;青空文庫;https://mega.nz/#!cQUlWC6J!ayQywDm-mM9sQ8LcZ-DZkJVsE4cqCUlpz8UFOrz_z0k;15KB;2017-09-28
29942;(恋愛心理学)モテるためには仕組みを知る必要があった【初心者編】① モテる恋愛アドバイザー　桜庭ジュンのモテ本;桜庭 ジュン;sakuraba jun;https://mega.nz/#!IJVHCSqA!SmnKWtNH9Z14IPWp1QFfbzzKwxxin4RVs0SSr8dLypM;146KB;2014-06-18
29940;(恋愛心理学)モテるためには仕組みを知る必要があった【初心者編】② モテる恋愛アドバイザー　桜庭ジュンのモテ本;桜庭 ジュン;sakuraba jun;https://mega.nz/#!wVVBBKAY!cuEwUjAnxgve8stbVDxtyj4yeuWf8KNf6IdDmlJcvcU;137KB;2014-06-25
29941;（新）大日本帝国戦記 第１巻;池田三郎;;https://mega.nz/#!VZVxiSaY!dzZfnWno05c9kQEeFT75wwfinrX-zkC5Wp0LiAppUoQ;186KB;2018-08-13
29945;(新版)精神科治療の覚書 NBS;中井 久夫;日本評論社;https://mega.nz/#!QdFXCIoR!10QaNEtvcTkwgW_z7ced3Dolde-HQzc97Lj9UxohQmY;1.1MB;0101-01-01
29939;（概念が明白となれば）;中原 中也;青空文庫;https://mega.nz/#!VJVF3YjT!yQ7wvlXudtDcMlMJ1RJg5TYp6ppvqlk2f0rQBpGNp0U;17KB;2017-09-28
29938;（続）狙われた聖乳;夢一輪;;https://mega.nz/#!lMdxiaKC!BZroNv9bq0ukaVLNVO7D46EZqYDA0MNBpGSMCrBMGqs;75KB;2016-11-03
29937;（続）秘悦の畜舎;夢一輪;;https://mega.nz/#!YAUjmC5J!dWJuM8AxGmaHfNcvtash1Q_Zw6lMFnqJWaCz0mvhpfc;84KB;2016-12-01
29925;：： Grammar ：：　完全版;波月 灯;ゴマブックス株式会社;https://mega.nz/#!IdNXzIxI!iEzN0mGpdRIGaw650KiPwpEZcm8ilPTzA6tHzsJnqnI;193KB;0101-01-01
29046;:時空:竜騎:アースガルン:plot.前編;一ノ本健茶楼;;https://mega.nz/#!8VNhkCoK!Dm79PKneuzfAwIn0SojQNth0bujxzeEFT0FtEyr1BCg;284KB;2018-09-08
29930;@HOME　我が家の姉は暴君です。<@HOME>;藤原 祐;電撃文庫;https://mega.nz/#!dNdX1SiS!uFcclOzSj7TG6PyATs8BIf1v5LorXq_Q1o3E9wuFZJw;1.5MB;2015-04-09
29926;@HOME(2)　妹といちゃいちゃしたらダメですか？;藤原 祐;電撃文庫;https://mega.nz/#!oRc3TKZb!sjKwk3Z_7i-zDUMXVWd3C-HJjm3cx8xd0KyKm2Lw6to;1013KB;2015-04-09
29924;@HOME(3)　長男と長女を巡る喧噪。;藤原 祐;電撃文庫;https://mega.nz/#!VEEj0CTb!adppGZceQuOOdDWY1kOfMk6k9h3TPxCi8MeDjkNWZWs;967KB;2015-04-09
29791;[NEW 日本語版)]１日わずか５分で仕事や学業のモチベーションUP！！成功者の名言集: モチベーションUPのための「成功者の名言集」では、20人の偉人の名言を掲載し、不安や心配を抱えている方の心をやる気にさせたり、奮い立たせるための表現を写真と一緒にまとめています。１日わずか５分で 仕事・学業のモチベーションUPさせて下さい！！ 偉人の名言集(日本語版) 名言・格言・モチベーションUP);Takuji;Manaboo;https://mega.nz/#!cRMF2IpS!2vH_OoZVk7aA04sZDieNlgv95emteKIn18cPKM2tuto;1.6MB;2016-05-03
29785;［イラスト図解版］「医者いらず」の食べ物事典;石原 結實;;https://mega.nz/#!FUVxAYoa!Oi11mdvyfBaci7U7EXTpN3Eg4MONal-SLYVsKbsXj78.html;15.8MB;2007-04-11
29815;[カラー版]　地形と立地から読み解く「戦国の城」;萩原 さちこ;Mynavi Publishing Corporation;https://mega.nz/#!pNNTCaoB!RlN6ZmkJMBgYPI6xfjzt5e-JdYwoAvf434iWveLFtLE;81.1MB;2018-09-14
29775;［ガラシャ物語10］夜明けの道／京都フラワーツーリズム編;安部龍太郎;Kyoto Flowertourism;https://mega.nz/#!JFVnGQLC!QJw_mQW133ODAs9hFUB05Z08_9mDkNNArBI_Epmux5U;144KB;2014-04-18
29776;［ガラシャ物語11］味土野へ／京都フラワーツーリズム編;安部龍太郎;Kyoto Flowertourism;https://mega.nz/#!cdNF2STI!xvQuMuGM0w1gjenProwvNDI_WAEm8N9S3WvUXqEgdgQ;144KB;2014-04-18
29772;［ガラシャ物語17］水面に映る面影の花／京都フラワーツーリズム編;山本タク;Kyoto Flowertourism;https://mega.nz/#!cAdhVS4J!EV7kStKdt-yzMdRkqakCSkRIzxbcx5pBw3N8QcnyUYE;133KB;2014-04-18
29777;［ガラシャ物語3］花も花なれ、人も人なれ／京都フラワーツーリズム編;小林泰三;Kyoto Flowertourism;https://mega.nz/#!AId3wIwA!EBUlL7XpCis3GJPQoUiCeQLjOoqHDRXsZ6YNi4iXO7I;142KB;2014-04-18
29759;[ジェイムズ・ティプトリー・ジュニア] たったひとつの冴えたやりかた;ジェイムズ・ティプトリー・ジュニア;;https://mega.nz/#!RFdzDSBY!Ce7TgdvtCO2Dzp2p8b04dNNlxEZvDMIwXRvJ_CtjvxA;2.1MB;2015-09-26
8439;龍ヶ嬢七々々の埋蔵金 07;鳳乃一真;KADOKAWA / エンターブレイン;https://mega.nz/#!QdEBWa5T!jdisbFNeUcV6AJm00DX_UgOvpDXG-yiS9zWZXRGY-Sw;648KB;2014-04-11
8444;龍と詩人;宮沢 賢治;青空文庫;https://mega.nz/#!0EMTTASQ!D8RRyiHu4u5x_FMVkmj9YgVSktOtKljI-z404TPbpNw;19KB;2012-10-04
8437;龍と麒麟の黄金伝説 クビライの野望編;秋山 了;AKIYAMA RYO;https://mega.nz/#!5JFjlQ6b!da2kkIfgLoync-8M1dTPbyhpASOT2SHdmFTbRZPGEsE;824KB;2013-06-30
8438;龍の文明・太陽の文明;安田 喜憲;PHP新書;https://mega.nz/#!cFNXWA7Y!PHBeuL55iPMTe9vHPRSx7RaP3a4OMxjZ5zlb6eL0kA8.html;2.8MB;2001-08-31
8436;龍王の寵花;鳴海澪;ソーニャ文庫;https://mega.nz/#!VRdH2YKY!APcWYHYGpGUz2CArwPIemom6OSqWbGPJTmXOKPvMC6U;1.3MB;2014-03-02
8435;龍馬暗殺の謎 諸説を徹底検証;木村幸比古;PHP新書;https://mega.nz/#!1FVFAaLB!oykfy7HKIEua-pT8nxhwiWPY8xOf6UZfSg-SJFpsbUU;155KB;2007-03-16
